{"youaugment":{"username":"miriamjs","firstName":"","lastName":"","email":"miriamjs@hotmail.com","enabled":"true","app":[{"appid":"1","title":"Howard University Department of Art AR App","description":"Howard University Department of Art Augmented Reality Campaign 2018","category":"education","version":"1.0","company":"Howard University Department of Art","email":"mahmed@howard.edu","phone":"12028067047","website":"www.art.howard.edu","enabled":"","created":"","createDate":"","updateDate":"","icon":{"icon36x36":"/miriamjs_app1/icon.png","icon48x48":"","icon72x72":"","icon96x96":"","icon120x120":"","icon152x152":"","icon167x167":"","icon180x180":""},"splash":{"splash426x320":"","splash470x320":"","splash640x480":"","splash960x720":"","splash640x1136":"","splash750x1334":"","splash1080x1920":"","splash1536x2048":""},"target":[{"id":"","targetname":"","file":"","location":"","height":"","width":"","model":[{"id":"","name":"","file":"","location":"","rotation":{"x":"","y":"","z":"","w":""},"scaling":{"x":"","y":"","z":""},"position":{"x":"","y":"","z":""},"clickable":"","hyperlink":""}],"video":[{"id":"","name":"","file":"","location":"","rotation":{"x":"","y":"","z":"","w":""},"scaling":{"x":"","y":"","z":""},"position":{"x":"","y":"","z":""},"autoplay":""}],"image":[{"id":"","name":"","file":"","location":"","rotation":{"x":"","y":"","z":"","w":""},"scaling":{"x":"","y":"","z":""},"position":{"x":"","y":"","z":""},"clickable":"","hyperlink":""}],"text":[{"id":"","name":"","content":"","fontSize":"","fontColor":"","backColor":"","backColor2":"","rotation":{"x":"","y":"","z":"","w":""},"scaling":{"x":"","y":"","z":""},"position":{"x":"","y":"","z":""},"clickable":"","hyperlink":""}]},null,null,{"id":"4","targetname":"HU Art logo red","file":"hu art logo red.jpg","location":"https://creator.youaugment.com/Users_Data/miriamjs/miriamjs_app1/","height":"590","width":"620","model":[{"id":"","name":"","file":"","location":"","rotation":{"x":"","y":"","z":"","w":""},"scaling":{"x":"","y":"","z":""},"position":{"x":"","y":"","z":""},"clickable":"","hyperlink":""}],"video":[{"id":"","name":"","file":"","location":"","rotation":{"x":"","y":"","z":"","w":""},"scaling":{"x":"","y":"","z":""},"position":{"x":"","y":"","z":""},"autoplay":""}],"image":[{"id":"1","name":"image31","file":"20181108_144459.jpg","location":"","rotation":{"x":"-4.329780281177466e-17","y":"-0.7071067811865475","z":"-0.7071067811865476","w":"4.329780281177467e-17"},"scaling":{"x":"-0.5","y":"0.3","z":"0.1"},"position":{"x":"10.273072766513813","y":"0.10000005662442812","z":"0.10000006039938647"},"clickable":"","hyperlink":null},{"id":"2","name":"image32","file":"20181108_144740.jpg","location":"https://creator.youaugment.com/Users_Data/miriamjs/miriamjs_app1/","rotation":{"x":"-4.329780281177466e-17","y":"-0.7071067811865475","z":"-0.7071067811865476","w":"4.329780281177467e-17"},"scaling":{"x":"-0.5","y":"0.3","z":"0.1"},"position":{"x":"-10.22885720317858","y":"0.1000001281500674","z":"0.10569887853487826"},"clickable":"","hyperlink":null}],"text":[null,{"id":"1","name":"text31","content":"Ceramics","fontSize":"","fontColor":"#000000","backColor":"","backColor2":"","rotation":{"x":"-4.329780281177466e-17","y":"0.7071067811865476","z":"-0.7071067811865475","w":"4.329780281177467e-17"},"scaling":{"x":"-0.5","y":"0.15811394373378346","z":"-0.5"},"position":{"x":"0.6063301997698661","y":"0.09515633285068995","z":"3.3642868239804806"},"clickable":"","hyperlink":null}]}],"appmode":"AR","webLink":"https://creator.youaugment.com/users_data/miriamjs/miriamjs_app1/youaugment/www/"}]}}
